﻿<?xml version="1.0" encoding="utf-8"?>
<TextureAtlas imagePath="midnight dance.png">
	<!-- Created with Adobe Animate version 21.0.1.37179 -->
	<!-- http://www.adobe.com/products/animate.html -->
	<SubTexture name="idle0000" x="0" y="0" width="204" height="290" frameX="0" frameY="0" frameWidth="224" frameHeight="290"/>
	<SubTexture name="idle0001" x="204" y="0" width="204" height="290" frameX="-10" frameY="0" frameWidth="224" frameHeight="290"/>
	<SubTexture name="idle0002" x="408" y="0" width="218" height="290" frameX="-6" frameY="0" frameWidth="224" frameHeight="290"/>
	<SubTexture name="idle0003" x="408" y="0" width="218" height="290" frameX="-6" frameY="0" frameWidth="224" frameHeight="290"/>
	<SubTexture name="idle0004" x="408" y="0" width="218" height="290" frameX="-6" frameY="0" frameWidth="224" frameHeight="290"/>
	<SubTexture name="idle0005" x="408" y="0" width="218" height="290" frameX="-6" frameY="0" frameWidth="224" frameHeight="290"/>
	<SubTexture name="idle0006" x="408" y="0" width="218" height="290" frameX="-6" frameY="0" frameWidth="224" frameHeight="290"/>
	<SubTexture name="idle0007" x="408" y="0" width="218" height="290" frameX="-6" frameY="0" frameWidth="224" frameHeight="290"/>
	<SubTexture name="idle0008" x="408" y="0" width="218" height="290" frameX="-6" frameY="0" frameWidth="224" frameHeight="290"/>
	<SubTexture name="idle0009" x="408" y="0" width="218" height="290" frameX="-6" frameY="0" frameWidth="224" frameHeight="290"/>
	<SubTexture name="idle0010" x="408" y="0" width="218" height="290" frameX="-6" frameY="0" frameWidth="224" frameHeight="290"/>
	<SubTexture name="idle0011" x="408" y="0" width="218" height="290" frameX="-6" frameY="0" frameWidth="224" frameHeight="290"/>
	<SubTexture name="idle0012" x="408" y="0" width="218" height="290" frameX="-6" frameY="0" frameWidth="224" frameHeight="290"/>
	<SubTexture name="idle0013" x="408" y="0" width="218" height="290" frameX="-6" frameY="0" frameWidth="224" frameHeight="290"/>
	<SubTexture name="idle0014" x="408" y="0" width="218" height="290" frameX="-6" frameY="0" frameWidth="224" frameHeight="290"/>
</TextureAtlas>
